Headline,Content,Sentiment
Dhaka hospitals overwhelmed by pollution cases,Authorities issued a red alert as AQI remained in the hazardous zone.,Negative
Lahore struggles with choking air,"Hazardous smog blanketed the city with AQI levels crossing 450, forcing schools to close.",Negative
Kathmandu faces toxic air,Experts warn of long-term health effects due to toxic haze.,Negative
Kathmandu introduces emission testing,The government launched stricter industrial emission controls to combat air pollution.,Positive
Chennai air quality improves after rains,Authorities deployed water cannons in polluted areas to reduce particulate matter.,Positive
Delhi launches anti-smog guns,Reduced traffic and monsoon rains led to improved AQI readings this week.,Positive
Karachi records dangerous smog levels,"Air quality deteriorated with rising PM2.5 levels, raising health concerns.",Negative
Sri Lanka invests in green transport,Authorities deployed water cannons in polluted areas to reduce particulate matter.,Positive
Pakistan approves electric bus service,The government launched stricter industrial emission controls to combat air pollution.,Positive
Karachi hit by heavy smog,Hospitals reported increased cases of asthma and respiratory illness.,Negative
Colombo shows cleaner skies,The government launched stricter industrial emission controls to combat air pollution.,Positive
India expands green energy projects,Reduced traffic and monsoon rains led to improved AQI readings this week.,Positive
Bangladesh faces worsening smog,Thick smog disrupted transport and caused health issues across the region.,Negative
Pakistan approves electric bus service,The government launched stricter industrial emission controls to combat air pollution.,Positive
Karachi records dangerous smog levels,Experts warn of long-term health effects due to toxic haze.,Negative
Karachi hit by heavy smog,Authorities issued a red alert as AQI remained in the hazardous zone.,Negative
Delhi’s AQI touches hazardous levels again,"Hazardous smog blanketed the city with AQI levels crossing 450, forcing schools to close.",Negative
Delhi experiences severe smog,Citizens report breathing problems as the city records extremely poor air quality.,Negative
Malé air quality improves,Reduced traffic and monsoon rains led to improved AQI readings this week.,Positive
Lahore struggles with choking air,Authorities issued a red alert as AQI remained in the hazardous zone.,Negative
Chennai air quality improves after rains,Authorities deployed water cannons in polluted areas to reduce particulate matter.,Positive
Wind farms boost clean air in Gujarat,Reduced traffic and monsoon rains led to improved AQI readings this week.,Positive
Electric rickshaws reduce pollution in Dhaka,The government launched stricter industrial emission controls to combat air pollution.,Positive
Kathmandu faces toxic air,Thick smog disrupted transport and caused health issues across the region.,Negative
Children suffer as air quality worsens in Dhaka,Hospitals reported increased cases of asthma and respiratory illness.,Negative
Electric rickshaws reduce pollution in Dhaka,The government launched stricter industrial emission controls to combat air pollution.,Positive
Eco-friendly fuel adopted in Sri Lanka,A nationwide afforestation campaign was initiated to fight air pollution.,Positive
Eco-friendly fuel adopted in Sri Lanka,The capital experienced improved air due to reduced traffic and favorable weather.,Positive
Smog alert issued in Islamabad,"Air quality deteriorated with rising PM2.5 levels, raising health concerns.",Negative
Eco-friendly fuel adopted in Sri Lanka,The government launched stricter industrial emission controls to combat air pollution.,Positive
Sri Lanka invests in green transport,New electric buses introduced to tackle urban air pollution.,Positive
Industrial smoke worsens air in Kolkata,Experts warn of long-term health effects due to toxic haze.,Negative
Karachi records dangerous smog levels,Thick smog disrupted transport and caused health issues across the region.,Negative
Delhi experiences severe smog,Authorities issued a red alert as AQI remained in the hazardous zone.,Negative
Smog disrupts flights in Lahore,Citizens report breathing problems as the city records extremely poor air quality.,Negative
Dhaka hospitals overwhelmed by pollution cases,"Hazardous smog blanketed the city with AQI levels crossing 450, forcing schools to close.",Negative
Kathmandu faces toxic air,Thick smog disrupted transport and caused health issues across the region.,Negative
Eco-friendly fuel adopted in Sri Lanka,Authorities deployed water cannons in polluted areas to reduce particulate matter.,Positive
Sri Lanka invests in green transport,Authorities deployed water cannons in polluted areas to reduce particulate matter.,Positive
Renewable energy use rises in India,A nationwide afforestation campaign was initiated to fight air pollution.,Positive
Chennai air quality improves after rains,Authorities deployed water cannons in polluted areas to reduce particulate matter.,Positive
Sri Lanka invests in green transport,A nationwide afforestation campaign was initiated to fight air pollution.,Positive
Kathmandu faces toxic air,"Air quality deteriorated with rising PM2.5 levels, raising health concerns.",Negative
Electric rickshaws reduce pollution in Dhaka,Reduced traffic and monsoon rains led to improved AQI readings this week.,Positive
Pakistan approves electric bus service,The capital experienced improved air due to reduced traffic and favorable weather.,Positive
Electric rickshaws reduce pollution in Dhaka,The government invested in solar and wind energy to reduce air pollution.,Positive
Smog disrupts flights in Lahore,"Air quality deteriorated with rising PM2.5 levels, raising health concerns.",Negative
Malé air quality improves,The government invested in solar and wind energy to reduce air pollution.,Positive
Delhi experiences severe smog,Thick smog disrupted transport and caused health issues across the region.,Negative
Wind farms boost clean air in Gujarat,The government invested in solar and wind energy to reduce air pollution.,Positive
Karachi records dangerous smog levels,Experts warn of long-term health effects due to toxic haze.,Negative
Malé air quality improves,The government launched stricter industrial emission controls to combat air pollution.,Positive
Industrial smoke worsens air in Kolkata,Authorities issued a red alert as AQI remained in the hazardous zone.,Negative
Sri Lanka invests in green transport,A nationwide afforestation campaign was initiated to fight air pollution.,Positive
Renewable energy use rises in India,The capital experienced improved air due to reduced traffic and favorable weather.,Positive
Toxic haze blankets Delhi,Citizens report breathing problems as the city records extremely poor air quality.,Negative
Lahore struggles with choking air,"Hazardous smog blanketed the city with AQI levels crossing 450, forcing schools to close.",Negative
Lahore struggles with choking air,Hospitals reported increased cases of asthma and respiratory illness.,Negative
Smog disrupts flights in Lahore,"Hazardous smog blanketed the city with AQI levels crossing 450, forcing schools to close.",Negative
Sri Lanka invests in green transport,The capital experienced improved air due to reduced traffic and favorable weather.,Positive
Kathmandu introduces emission testing,The government launched stricter industrial emission controls to combat air pollution.,Positive
Eco-friendly fuel adopted in Sri Lanka,Reduced traffic and monsoon rains led to improved AQI readings this week.,Positive
Lahore struggles with choking air,Authorities issued a red alert as AQI remained in the hazardous zone.,Negative
Bangladesh introduces clean air initiative,The capital experienced improved air due to reduced traffic and favorable weather.,Positive
Wind farms boost clean air in Gujarat,A nationwide afforestation campaign was initiated to fight air pollution.,Positive
Karachi records dangerous smog levels,"Hazardous smog blanketed the city with AQI levels crossing 450, forcing schools to close.",Negative
Delhi experiences severe smog,Hospitals reported increased cases of asthma and respiratory illness.,Negative
Electric rickshaws reduce pollution in Dhaka,New electric buses introduced to tackle urban air pollution.,Positive
Kathmandu faces toxic air,"Air quality deteriorated with rising PM2.5 levels, raising health concerns.",Negative
Chennai air quality improves after rains,The government launched stricter industrial emission controls to combat air pollution.,Positive
Islamabad launches tree plantation drive,Reduced traffic and monsoon rains led to improved AQI readings this week.,Positive
Bangladesh faces worsening smog,Citizens report breathing problems as the city records extremely poor air quality.,Negative
Dhaka hospitals overwhelmed by pollution cases,Authorities issued a red alert as AQI remained in the hazardous zone.,Negative
Chennai air quality improves after rains,The capital experienced improved air due to reduced traffic and favorable weather.,Positive
India expands green energy projects,The government launched stricter industrial emission controls to combat air pollution.,Positive
Pakistan approves electric bus service,A nationwide afforestation campaign was initiated to fight air pollution.,Positive
Smog disrupts flights in Lahore,Experts warn of long-term health effects due to toxic haze.,Negative
Smog alert issued in Islamabad,Thick smog disrupted transport and caused health issues across the region.,Negative
Sri Lanka invests in green transport,New electric buses introduced to tackle urban air pollution.,Positive
Dhaka hospitals overwhelmed by pollution cases,Experts warn of long-term health effects due to toxic haze.,Negative
Bangladesh introduces clean air initiative,The capital experienced improved air due to reduced traffic and favorable weather.,Positive
Bangladesh introduces clean air initiative,Authorities deployed water cannons in polluted areas to reduce particulate matter.,Positive
Dhaka hospitals overwhelmed by pollution cases,Authorities issued a red alert as AQI remained in the hazardous zone.,Negative
Lahore struggles with choking air,Authorities issued a red alert as AQI remained in the hazardous zone.,Negative
Bangladesh introduces clean air initiative,The government invested in solar and wind energy to reduce air pollution.,Positive
Chennai air quality improves after rains,A nationwide afforestation campaign was initiated to fight air pollution.,Positive
Malé air quality improves,Reduced traffic and monsoon rains led to improved AQI readings this week.,Positive
Electric rickshaws reduce pollution in Dhaka,The capital experienced improved air due to reduced traffic and favorable weather.,Positive
Kathmandu schools close due to pollution,Hospitals reported increased cases of asthma and respiratory illness.,Negative
Toxic haze blankets Delhi,Authorities issued a red alert as AQI remained in the hazardous zone.,Negative
Children suffer as air quality worsens in Dhaka,Authorities issued a red alert as AQI remained in the hazardous zone.,Negative
Delhi’s AQI touches hazardous levels again,Hospitals reported increased cases of asthma and respiratory illness.,Negative
Kathmandu faces toxic air,Experts warn of long-term health effects due to toxic haze.,Negative
Kathmandu introduces emission testing,The government invested in solar and wind energy to reduce air pollution.,Positive
Karachi hit by heavy smog,Citizens report breathing problems as the city records extremely poor air quality.,Negative
Eco-friendly fuel adopted in Sri Lanka,The capital experienced improved air due to reduced traffic and favorable weather.,Positive
Kathmandu schools close due to pollution,Thick smog disrupted transport and caused health issues across the region.,Negative
Bangladesh faces worsening smog,Experts warn of long-term health effects due to toxic haze.,Negative
Dhaka air remains hazardous,Authorities issued a red alert as AQI remained in the hazardous zone.,Negative
Bangladesh faces worsening smog,Authorities issued a red alert as AQI remained in the hazardous zone.,Negative
Karachi hit by heavy smog,Hospitals reported increased cases of asthma and respiratory illness.,Negative
Electric rickshaws reduce pollution in Dhaka,The capital experienced improved air due to reduced traffic and favorable weather.,Positive
Dhaka hospitals overwhelmed by pollution cases,Citizens report breathing problems as the city records extremely poor air quality.,Negative
Delhi’s AQI touches hazardous levels again,Hospitals reported increased cases of asthma and respiratory illness.,Negative
Chennai air quality improves after rains,Reduced traffic and monsoon rains led to improved AQI readings this week.,Positive
Delhi experiences severe smog,Citizens report breathing problems as the city records extremely poor air quality.,Negative
Dhaka air remains hazardous,Thick smog disrupted transport and caused health issues across the region.,Negative
Karachi records dangerous smog levels,Hospitals reported increased cases of asthma and respiratory illness.,Negative
Toxic haze blankets Delhi,Authorities issued a red alert as AQI remained in the hazardous zone.,Negative
Kathmandu schools close due to pollution,Citizens report breathing problems as the city records extremely poor air quality.,Negative
Kathmandu faces toxic air,Thick smog disrupted transport and caused health issues across the region.,Negative
Lahore struggles with choking air,"Air quality deteriorated with rising PM2.5 levels, raising health concerns.",Negative
Pakistan approves electric bus service,The government launched stricter industrial emission controls to combat air pollution.,Positive
Bangladesh faces worsening smog,Citizens report breathing problems as the city records extremely poor air quality.,Negative
Industrial smoke worsens air in Kolkata,"Hazardous smog blanketed the city with AQI levels crossing 450, forcing schools to close.",Negative
Eco-friendly fuel adopted in Sri Lanka,A nationwide afforestation campaign was initiated to fight air pollution.,Positive
Delhi experiences severe smog,Experts warn of long-term health effects due to toxic haze.,Negative
Bangladesh introduces clean air initiative,Authorities deployed water cannons in polluted areas to reduce particulate matter.,Positive
Electric rickshaws reduce pollution in Dhaka,Authorities deployed water cannons in polluted areas to reduce particulate matter.,Positive
Smog alert issued in Islamabad,Authorities issued a red alert as AQI remained in the hazardous zone.,Negative
Delhi’s AQI touches hazardous levels again,Experts warn of long-term health effects due to toxic haze.,Negative
Bangladesh faces worsening smog,Thick smog disrupted transport and caused health issues across the region.,Negative
Delhi’s AQI touches hazardous levels again,Hospitals reported increased cases of asthma and respiratory illness.,Negative
Sri Lanka invests in green transport,The government launched stricter industrial emission controls to combat air pollution.,Positive
Bangladesh faces worsening smog,Experts warn of long-term health effects due to toxic haze.,Negative
Bangladesh faces worsening smog,"Air quality deteriorated with rising PM2.5 levels, raising health concerns.",Negative
India expands green energy projects,Reduced traffic and monsoon rains led to improved AQI readings this week.,Positive
Lahore struggles with choking air,Thick smog disrupted transport and caused health issues across the region.,Negative
Bangladesh introduces clean air initiative,Reduced traffic and monsoon rains led to improved AQI readings this week.,Positive
Smog alert issued in Islamabad,Experts warn of long-term health effects due to toxic haze.,Negative
Kathmandu faces toxic air,"Air quality deteriorated with rising PM2.5 levels, raising health concerns.",Negative
Malé air quality improves,Authorities deployed water cannons in polluted areas to reduce particulate matter.,Positive
Smog disrupts flights in Lahore,"Hazardous smog blanketed the city with AQI levels crossing 450, forcing schools to close.",Negative
Wind farms boost clean air in Gujarat,Authorities deployed water cannons in polluted areas to reduce particulate matter.,Positive
Kathmandu schools close due to pollution,"Hazardous smog blanketed the city with AQI levels crossing 450, forcing schools to close.",Negative
Toxic haze blankets Delhi,"Air quality deteriorated with rising PM2.5 levels, raising health concerns.",Negative
Electric rickshaws reduce pollution in Dhaka,A nationwide afforestation campaign was initiated to fight air pollution.,Positive
Eco-friendly fuel adopted in Sri Lanka,A nationwide afforestation campaign was initiated to fight air pollution.,Positive
Electric rickshaws reduce pollution in Dhaka,Reduced traffic and monsoon rains led to improved AQI readings this week.,Positive
Wind farms boost clean air in Gujarat,Reduced traffic and monsoon rains led to improved AQI readings this week.,Positive
Sri Lanka invests in green transport,Reduced traffic and monsoon rains led to improved AQI readings this week.,Positive
Kathmandu schools close due to pollution,Experts warn of long-term health effects due to toxic haze.,Negative
Industrial smoke worsens air in Kolkata,"Air quality deteriorated with rising PM2.5 levels, raising health concerns.",Negative
Bangladesh introduces clean air initiative,A nationwide afforestation campaign was initiated to fight air pollution.,Positive
Renewable energy use rises in India,Reduced traffic and monsoon rains led to improved AQI readings this week.,Positive
Pakistan approves electric bus service,Reduced traffic and monsoon rains led to improved AQI readings this week.,Positive
Public transport shift lowers Karachi emissions,A nationwide afforestation campaign was initiated to fight air pollution.,Positive
India expands green energy projects,New electric buses introduced to tackle urban air pollution.,Positive
Delhi launches anti-smog guns,The government invested in solar and wind energy to reduce air pollution.,Positive
Delhi experiences severe smog,Citizens report breathing problems as the city records extremely poor air quality.,Negative
Smog alert issued in Islamabad,Authorities issued a red alert as AQI remained in the hazardous zone.,Negative
Colombo shows cleaner skies,The capital experienced improved air due to reduced traffic and favorable weather.,Positive
Smog alert issued in Islamabad,Hospitals reported increased cases of asthma and respiratory illness.,Negative
Kathmandu schools close due to pollution,"Hazardous smog blanketed the city with AQI levels crossing 450, forcing schools to close.",Negative
Smog disrupts flights in Lahore,Authorities issued a red alert as AQI remained in the hazardous zone.,Negative
Smog alert issued in Islamabad,Citizens report breathing problems as the city records extremely poor air quality.,Negative
Smog alert issued in Islamabad,Authorities issued a red alert as AQI remained in the hazardous zone.,Negative
Smog disrupts flights in Lahore,"Hazardous smog blanketed the city with AQI levels crossing 450, forcing schools to close.",Negative
Karachi records dangerous smog levels,Citizens report breathing problems as the city records extremely poor air quality.,Negative
Dhaka air remains hazardous,Citizens report breathing problems as the city records extremely poor air quality.,Negative
Eco-friendly fuel adopted in Sri Lanka,Authorities deployed water cannons in polluted areas to reduce particulate matter.,Positive
Chennai air quality improves after rains,Reduced traffic and monsoon rains led to improved AQI readings this week.,Positive
Karachi records dangerous smog levels,Thick smog disrupted transport and caused health issues across the region.,Negative
Delhi’s AQI touches hazardous levels again,Hospitals reported increased cases of asthma and respiratory illness.,Negative
Renewable energy use rises in India,The government invested in solar and wind energy to reduce air pollution.,Positive
Sri Lanka invests in green transport,The government invested in solar and wind energy to reduce air pollution.,Positive
Islamabad launches tree plantation drive,Authorities deployed water cannons in polluted areas to reduce particulate matter.,Positive
Islamabad launches tree plantation drive,New electric buses introduced to tackle urban air pollution.,Positive
Bangladesh faces worsening smog,Authorities issued a red alert as AQI remained in the hazardous zone.,Negative
Karachi hit by heavy smog,Authorities issued a red alert as AQI remained in the hazardous zone.,Negative
Kathmandu faces toxic air,Authorities issued a red alert as AQI remained in the hazardous zone.,Negative
Sri Lanka invests in green transport,The capital experienced improved air due to reduced traffic and favorable weather.,Positive
Sri Lanka invests in green transport,Authorities deployed water cannons in polluted areas to reduce particulate matter.,Positive
Smog disrupts flights in Lahore,Authorities issued a red alert as AQI remained in the hazardous zone.,Negative
Pakistan approves electric bus service,The government launched stricter industrial emission controls to combat air pollution.,Positive
Eco-friendly fuel adopted in Sri Lanka,The government invested in solar and wind energy to reduce air pollution.,Positive
Karachi records dangerous smog levels,Hospitals reported increased cases of asthma and respiratory illness.,Negative
Smog alert issued in Islamabad,Citizens report breathing problems as the city records extremely poor air quality.,Negative
Kathmandu schools close due to pollution,Authorities issued a red alert as AQI remained in the hazardous zone.,Negative
Industrial smoke worsens air in Kolkata,"Hazardous smog blanketed the city with AQI levels crossing 450, forcing schools to close.",Negative
Pakistan approves electric bus service,New electric buses introduced to tackle urban air pollution.,Positive
Kathmandu schools close due to pollution,Authorities issued a red alert as AQI remained in the hazardous zone.,Negative
Smog alert issued in Islamabad,Thick smog disrupted transport and caused health issues across the region.,Negative
Karachi records dangerous smog levels,Thick smog disrupted transport and caused health issues across the region.,Negative
Kathmandu faces toxic air,Experts warn of long-term health effects due to toxic haze.,Negative
Bangladesh faces worsening smog,"Hazardous smog blanketed the city with AQI levels crossing 450, forcing schools to close.",Negative
Kathmandu schools close due to pollution,"Hazardous smog blanketed the city with AQI levels crossing 450, forcing schools to close.",Negative
Colombo shows cleaner skies,Authorities deployed water cannons in polluted areas to reduce particulate matter.,Positive
Delhi launches anti-smog guns,A nationwide afforestation campaign was initiated to fight air pollution.,Positive
Eco-friendly fuel adopted in Sri Lanka,The government invested in solar and wind energy to reduce air pollution.,Positive
Delhi experiences severe smog,Citizens report breathing problems as the city records extremely poor air quality.,Negative
Delhi launches anti-smog guns,A nationwide afforestation campaign was initiated to fight air pollution.,Positive
Pakistan approves electric bus service,The government launched stricter industrial emission controls to combat air pollution.,Positive
Malé air quality improves,Reduced traffic and monsoon rains led to improved AQI readings this week.,Positive
Dhaka air remains hazardous,"Hazardous smog blanketed the city with AQI levels crossing 450, forcing schools to close.",Negative
Lahore struggles with choking air,"Air quality deteriorated with rising PM2.5 levels, raising health concerns.",Negative
Kathmandu schools close due to pollution,Experts warn of long-term health effects due to toxic haze.,Negative
Chennai air quality improves after rains,Authorities deployed water cannons in polluted areas to reduce particulate matter.,Positive
Karachi hit by heavy smog,"Air quality deteriorated with rising PM2.5 levels, raising health concerns.",Negative
Delhi experiences severe smog,"Air quality deteriorated with rising PM2.5 levels, raising health concerns.",Negative
Karachi records dangerous smog levels,"Hazardous smog blanketed the city with AQI levels crossing 450, forcing schools to close.",Negative
Malé air quality improves,Authorities deployed water cannons in polluted areas to reduce particulate matter.,Positive
Karachi records dangerous smog levels,"Air quality deteriorated with rising PM2.5 levels, raising health concerns.",Negative
Lahore struggles with choking air,Authorities issued a red alert as AQI remained in the hazardous zone.,Negative
Bangladesh introduces clean air initiative,Reduced traffic and monsoon rains led to improved AQI readings this week.,Positive
Bangladesh introduces clean air initiative,Authorities deployed water cannons in polluted areas to reduce particulate matter.,Positive
Pakistan approves electric bus service,The government launched stricter industrial emission controls to combat air pollution.,Positive
Eco-friendly fuel adopted in Sri Lanka,Authorities deployed water cannons in polluted areas to reduce particulate matter.,Positive
Dhaka hospitals overwhelmed by pollution cases,Experts warn of long-term health effects due to toxic haze.,Negative
Smog disrupts flights in Lahore,"Air quality deteriorated with rising PM2.5 levels, raising health concerns.",Negative
India expands green energy projects,The capital experienced improved air due to reduced traffic and favorable weather.,Positive
Pakistan approves electric bus service,The government invested in solar and wind energy to reduce air pollution.,Positive
Smog alert issued in Islamabad,"Air quality deteriorated with rising PM2.5 levels, raising health concerns.",Negative
Dhaka air remains hazardous,"Air quality deteriorated with rising PM2.5 levels, raising health concerns.",Negative
Public transport shift lowers Karachi emissions,New electric buses introduced to tackle urban air pollution.,Positive
Delhi’s AQI touches hazardous levels again,Authorities issued a red alert as AQI remained in the hazardous zone.,Negative
Dhaka air remains hazardous,Experts warn of long-term health effects due to toxic haze.,Negative
Smog disrupts flights in Lahore,Thick smog disrupted transport and caused health issues across the region.,Negative
Industrial smoke worsens air in Kolkata,"Air quality deteriorated with rising PM2.5 levels, raising health concerns.",Negative
Children suffer as air quality worsens in Dhaka,"Air quality deteriorated with rising PM2.5 levels, raising health concerns.",Negative
Public transport shift lowers Karachi emissions,Authorities deployed water cannons in polluted areas to reduce particulate matter.,Positive
Dhaka hospitals overwhelmed by pollution cases,Thick smog disrupted transport and caused health issues across the region.,Negative
Delhi experiences severe smog,Experts warn of long-term health effects due to toxic haze.,Negative
Electric rickshaws reduce pollution in Dhaka,Authorities deployed water cannons in polluted areas to reduce particulate matter.,Positive
Toxic haze blankets Delhi,Hospitals reported increased cases of asthma and respiratory illness.,Negative
Delhi’s AQI touches hazardous levels again,"Hazardous smog blanketed the city with AQI levels crossing 450, forcing schools to close.",Negative
Industrial smoke worsens air in Kolkata,Experts warn of long-term health effects due to toxic haze.,Negative
Islamabad launches tree plantation drive,Authorities deployed water cannons in polluted areas to reduce particulate matter.,Positive
Delhi’s AQI touches hazardous levels again,Thick smog disrupted transport and caused health issues across the region.,Negative
Lahore struggles with choking air,Authorities issued a red alert as AQI remained in the hazardous zone.,Negative
Delhi launches anti-smog guns,The government invested in solar and wind energy to reduce air pollution.,Positive
Toxic haze blankets Delhi,"Air quality deteriorated with rising PM2.5 levels, raising health concerns.",Negative
Renewable energy use rises in India,New electric buses introduced to tackle urban air pollution.,Positive
Delhi’s AQI touches hazardous levels again,Citizens report breathing problems as the city records extremely poor air quality.,Negative
Eco-friendly fuel adopted in Sri Lanka,A nationwide afforestation campaign was initiated to fight air pollution.,Positive
Smog alert issued in Islamabad,Thick smog disrupted transport and caused health issues across the region.,Negative
India expands green energy projects,The government invested in solar and wind energy to reduce air pollution.,Positive
Malé air quality improves,A nationwide afforestation campaign was initiated to fight air pollution.,Positive
Renewable energy use rises in India,The government launched stricter industrial emission controls to combat air pollution.,Positive
Karachi records dangerous smog levels,Experts warn of long-term health effects due to toxic haze.,Negative
Karachi hit by heavy smog,Hospitals reported increased cases of asthma and respiratory illness.,Negative
Children suffer as air quality worsens in Dhaka,"Air quality deteriorated with rising PM2.5 levels, raising health concerns.",Negative
Renewable energy use rises in India,The government invested in solar and wind energy to reduce air pollution.,Positive
Children suffer as air quality worsens in Dhaka,Thick smog disrupted transport and caused health issues across the region.,Negative
Toxic haze blankets Delhi,Authorities issued a red alert as AQI remained in the hazardous zone.,Negative
Kathmandu faces toxic air,Authorities issued a red alert as AQI remained in the hazardous zone.,Negative
Colombo shows cleaner skies,Reduced traffic and monsoon rains led to improved AQI readings this week.,Positive
Toxic haze blankets Delhi,Authorities issued a red alert as AQI remained in the hazardous zone.,Negative
Kathmandu schools close due to pollution,Experts warn of long-term health effects due to toxic haze.,Negative
Karachi records dangerous smog levels,Experts warn of long-term health effects due to toxic haze.,Negative
Kathmandu introduces emission testing,Reduced traffic and monsoon rains led to improved AQI readings this week.,Positive
Karachi hit by heavy smog,"Air quality deteriorated with rising PM2.5 levels, raising health concerns.",Negative
Colombo shows cleaner skies,Authorities deployed water cannons in polluted areas to reduce particulate matter.,Positive
Delhi launches anti-smog guns,Authorities deployed water cannons in polluted areas to reduce particulate matter.,Positive
Kathmandu faces toxic air,Experts warn of long-term health effects due to toxic haze.,Negative
Delhi’s AQI touches hazardous levels again,"Air quality deteriorated with rising PM2.5 levels, raising health concerns.",Negative
Dhaka air remains hazardous,Experts warn of long-term health effects due to toxic haze.,Negative
Kathmandu faces toxic air,Hospitals reported increased cases of asthma and respiratory illness.,Negative
Bangladesh introduces clean air initiative,Reduced traffic and monsoon rains led to improved AQI readings this week.,Positive
Electric rickshaws reduce pollution in Dhaka,Authorities deployed water cannons in polluted areas to reduce particulate matter.,Positive
Bangladesh introduces clean air initiative,The capital experienced improved air due to reduced traffic and favorable weather.,Positive
Electric rickshaws reduce pollution in Dhaka,The capital experienced improved air due to reduced traffic and favorable weather.,Positive
Sri Lanka invests in green transport,The government launched stricter industrial emission controls to combat air pollution.,Positive
Delhi’s AQI touches hazardous levels again,Experts warn of long-term health effects due to toxic haze.,Negative
Kathmandu faces toxic air,Experts warn of long-term health effects due to toxic haze.,Negative
Smog alert issued in Islamabad,Thick smog disrupted transport and caused health issues across the region.,Negative
Delhi launches anti-smog guns,The government launched stricter industrial emission controls to combat air pollution.,Positive
Dhaka air remains hazardous,"Air quality deteriorated with rising PM2.5 levels, raising health concerns.",Negative
Industrial smoke worsens air in Kolkata,Hospitals reported increased cases of asthma and respiratory illness.,Negative
Kathmandu introduces emission testing,The government invested in solar and wind energy to reduce air pollution.,Positive
Pakistan approves electric bus service,The government invested in solar and wind energy to reduce air pollution.,Positive
Children suffer as air quality worsens in Dhaka,Experts warn of long-term health effects due to toxic haze.,Negative
Dhaka hospitals overwhelmed by pollution cases,Experts warn of long-term health effects due to toxic haze.,Negative
Karachi hit by heavy smog,"Hazardous smog blanketed the city with AQI levels crossing 450, forcing schools to close.",Negative
Pakistan approves electric bus service,Authorities deployed water cannons in polluted areas to reduce particulate matter.,Positive
Eco-friendly fuel adopted in Sri Lanka,A nationwide afforestation campaign was initiated to fight air pollution.,Positive
Wind farms boost clean air in Gujarat,Reduced traffic and monsoon rains led to improved AQI readings this week.,Positive
Bangladesh faces worsening smog,Hospitals reported increased cases of asthma and respiratory illness.,Negative
Karachi hit by heavy smog,Hospitals reported increased cases of asthma and respiratory illness.,Negative
Karachi hit by heavy smog,Authorities issued a red alert as AQI remained in the hazardous zone.,Negative
Smog alert issued in Islamabad,"Air quality deteriorated with rising PM2.5 levels, raising health concerns.",Negative
Industrial smoke worsens air in Kolkata,Thick smog disrupted transport and caused health issues across the region.,Negative
Malé air quality improves,A nationwide afforestation campaign was initiated to fight air pollution.,Positive
Bangladesh introduces clean air initiative,The government launched stricter industrial emission controls to combat air pollution.,Positive
Bangladesh faces worsening smog,Authorities issued a red alert as AQI remained in the hazardous zone.,Negative
Malé air quality improves,The government launched stricter industrial emission controls to combat air pollution.,Positive
Karachi records dangerous smog levels,Hospitals reported increased cases of asthma and respiratory illness.,Negative
Smog alert issued in Islamabad,Hospitals reported increased cases of asthma and respiratory illness.,Negative
Delhi experiences severe smog,Thick smog disrupted transport and caused health issues across the region.,Negative
Karachi hit by heavy smog,"Hazardous smog blanketed the city with AQI levels crossing 450, forcing schools to close.",Negative
Eco-friendly fuel adopted in Sri Lanka,A nationwide afforestation campaign was initiated to fight air pollution.,Positive
Islamabad launches tree plantation drive,Reduced traffic and monsoon rains led to improved AQI readings this week.,Positive
Karachi records dangerous smog levels,Citizens report breathing problems as the city records extremely poor air quality.,Negative
Toxic haze blankets Delhi,Thick smog disrupted transport and caused health issues across the region.,Negative
Children suffer as air quality worsens in Dhaka,Experts warn of long-term health effects due to toxic haze.,Negative
Public transport shift lowers Karachi emissions,A nationwide afforestation campaign was initiated to fight air pollution.,Positive
India expands green energy projects,A nationwide afforestation campaign was initiated to fight air pollution.,Positive
Islamabad launches tree plantation drive,New electric buses introduced to tackle urban air pollution.,Positive
Bangladesh introduces clean air initiative,The capital experienced improved air due to reduced traffic and favorable weather.,Positive
India expands green energy projects,New electric buses introduced to tackle urban air pollution.,Positive
Colombo shows cleaner skies,New electric buses introduced to tackle urban air pollution.,Positive
Pakistan approves electric bus service,The government launched stricter industrial emission controls to combat air pollution.,Positive
Sri Lanka invests in green transport,The government launched stricter industrial emission controls to combat air pollution.,Positive
Bangladesh faces worsening smog,Citizens report breathing problems as the city records extremely poor air quality.,Negative
Bangladesh faces worsening smog,Authorities issued a red alert as AQI remained in the hazardous zone.,Negative
Delhi’s AQI touches hazardous levels again,Thick smog disrupted transport and caused health issues across the region.,Negative
Kathmandu introduces emission testing,Authorities deployed water cannons in polluted areas to reduce particulate matter.,Positive
Kathmandu schools close due to pollution,Hospitals reported increased cases of asthma and respiratory illness.,Negative
Islamabad launches tree plantation drive,The government launched stricter industrial emission controls to combat air pollution.,Positive
Delhi experiences severe smog,"Air quality deteriorated with rising PM2.5 levels, raising health concerns.",Negative
Smog alert issued in Islamabad,"Hazardous smog blanketed the city with AQI levels crossing 450, forcing schools to close.",Negative
Dhaka hospitals overwhelmed by pollution cases,"Hazardous smog blanketed the city with AQI levels crossing 450, forcing schools to close.",Negative
Chennai air quality improves after rains,The government invested in solar and wind energy to reduce air pollution.,Positive
Bangladesh faces worsening smog,"Hazardous smog blanketed the city with AQI levels crossing 450, forcing schools to close.",Negative
Delhi experiences severe smog,Citizens report breathing problems as the city records extremely poor air quality.,Negative
Colombo shows cleaner skies,The government launched stricter industrial emission controls to combat air pollution.,Positive
Electric rickshaws reduce pollution in Dhaka,The capital experienced improved air due to reduced traffic and favorable weather.,Positive
Kathmandu faces toxic air,"Air quality deteriorated with rising PM2.5 levels, raising health concerns.",Negative
Smog disrupts flights in Lahore,Thick smog disrupted transport and caused health issues across the region.,Negative
Sri Lanka invests in green transport,New electric buses introduced to tackle urban air pollution.,Positive
Kathmandu faces toxic air,Authorities issued a red alert as AQI remained in the hazardous zone.,Negative
Kathmandu introduces emission testing,New electric buses introduced to tackle urban air pollution.,Positive
Malé air quality improves,New electric buses introduced to tackle urban air pollution.,Positive
Delhi’s AQI touches hazardous levels again,"Air quality deteriorated with rising PM2.5 levels, raising health concerns.",Negative
Islamabad launches tree plantation drive,The government launched stricter industrial emission controls to combat air pollution.,Positive
Eco-friendly fuel adopted in Sri Lanka,New electric buses introduced to tackle urban air pollution.,Positive
Smog disrupts flights in Lahore,"Air quality deteriorated with rising PM2.5 levels, raising health concerns.",Negative
Kathmandu introduces emission testing,Reduced traffic and monsoon rains led to improved AQI readings this week.,Positive
Pakistan approves electric bus service,The capital experienced improved air due to reduced traffic and favorable weather.,Positive
Lahore struggles with choking air,Thick smog disrupted transport and caused health issues across the region.,Negative
Public transport shift lowers Karachi emissions,Reduced traffic and monsoon rains led to improved AQI readings this week.,Positive
Karachi hit by heavy smog,Citizens report breathing problems as the city records extremely poor air quality.,Negative
Children suffer as air quality worsens in Dhaka,"Hazardous smog blanketed the city with AQI levels crossing 450, forcing schools to close.",Negative
Karachi records dangerous smog levels,"Air quality deteriorated with rising PM2.5 levels, raising health concerns.",Negative
Pakistan approves electric bus service,The government invested in solar and wind energy to reduce air pollution.,Positive
Lahore struggles with choking air,"Air quality deteriorated with rising PM2.5 levels, raising health concerns.",Negative
Kathmandu schools close due to pollution,Hospitals reported increased cases of asthma and respiratory illness.,Negative
Lahore struggles with choking air,Citizens report breathing problems as the city records extremely poor air quality.,Negative
Kathmandu introduces emission testing,The government launched stricter industrial emission controls to combat air pollution.,Positive
Kathmandu schools close due to pollution,Thick smog disrupted transport and caused health issues across the region.,Negative
Lahore struggles with choking air,"Hazardous smog blanketed the city with AQI levels crossing 450, forcing schools to close.",Negative
Wind farms boost clean air in Gujarat,The government launched stricter industrial emission controls to combat air pollution.,Positive
Bangladesh faces worsening smog,Experts warn of long-term health effects due to toxic haze.,Negative
India expands green energy projects,Authorities deployed water cannons in polluted areas to reduce particulate matter.,Positive
Toxic haze blankets Delhi,Authorities issued a red alert as AQI remained in the hazardous zone.,Negative
Delhi launches anti-smog guns,Reduced traffic and monsoon rains led to improved AQI readings this week.,Positive
Pakistan approves electric bus service,The government invested in solar and wind energy to reduce air pollution.,Positive
Karachi records dangerous smog levels,"Air quality deteriorated with rising PM2.5 levels, raising health concerns.",Negative
Smog alert issued in Islamabad,Citizens report breathing problems as the city records extremely poor air quality.,Negative
Kathmandu faces toxic air,"Hazardous smog blanketed the city with AQI levels crossing 450, forcing schools to close.",Negative
Kathmandu faces toxic air,Citizens report breathing problems as the city records extremely poor air quality.,Negative
Renewable energy use rises in India,A nationwide afforestation campaign was initiated to fight air pollution.,Positive
Colombo shows cleaner skies,Reduced traffic and monsoon rains led to improved AQI readings this week.,Positive
Islamabad launches tree plantation drive,New electric buses introduced to tackle urban air pollution.,Positive
Kathmandu introduces emission testing,The government launched stricter industrial emission controls to combat air pollution.,Positive
Dhaka air remains hazardous,"Air quality deteriorated with rising PM2.5 levels, raising health concerns.",Negative
Lahore struggles with choking air,Citizens report breathing problems as the city records extremely poor air quality.,Negative
Chennai air quality improves after rains,The government invested in solar and wind energy to reduce air pollution.,Positive
Electric rickshaws reduce pollution in Dhaka,The government launched stricter industrial emission controls to combat air pollution.,Positive
Eco-friendly fuel adopted in Sri Lanka,A nationwide afforestation campaign was initiated to fight air pollution.,Positive
Karachi records dangerous smog levels,Thick smog disrupted transport and caused health issues across the region.,Negative
Delhi’s AQI touches hazardous levels again,Citizens report breathing problems as the city records extremely poor air quality.,Negative
Delhi experiences severe smog,"Air quality deteriorated with rising PM2.5 levels, raising health concerns.",Negative
Sri Lanka invests in green transport,The government launched stricter industrial emission controls to combat air pollution.,Positive
Eco-friendly fuel adopted in Sri Lanka,New electric buses introduced to tackle urban air pollution.,Positive
Bangladesh introduces clean air initiative,A nationwide afforestation campaign was initiated to fight air pollution.,Positive
Toxic haze blankets Delhi,Hospitals reported increased cases of asthma and respiratory illness.,Negative
Public transport shift lowers Karachi emissions,A nationwide afforestation campaign was initiated to fight air pollution.,Positive
Kathmandu schools close due to pollution,Experts warn of long-term health effects due to toxic haze.,Negative
Bangladesh introduces clean air initiative,A nationwide afforestation campaign was initiated to fight air pollution.,Positive
Karachi hit by heavy smog,Citizens report breathing problems as the city records extremely poor air quality.,Negative
Kathmandu faces toxic air,Citizens report breathing problems as the city records extremely poor air quality.,Negative
Karachi records dangerous smog levels,Thick smog disrupted transport and caused health issues across the region.,Negative
Dhaka hospitals overwhelmed by pollution cases,Thick smog disrupted transport and caused health issues across the region.,Negative
India expands green energy projects,The capital experienced improved air due to reduced traffic and favorable weather.,Positive
Dhaka air remains hazardous,Experts warn of long-term health effects due to toxic haze.,Negative
Karachi records dangerous smog levels,Authorities issued a red alert as AQI remained in the hazardous zone.,Negative
Islamabad launches tree plantation drive,The government invested in solar and wind energy to reduce air pollution.,Positive
Public transport shift lowers Karachi emissions,New electric buses introduced to tackle urban air pollution.,Positive
Chennai air quality improves after rains,The government invested in solar and wind energy to reduce air pollution.,Positive
Smog disrupts flights in Lahore,"Air quality deteriorated with rising PM2.5 levels, raising health concerns.",Negative
Eco-friendly fuel adopted in Sri Lanka,New electric buses introduced to tackle urban air pollution.,Positive
Renewable energy use rises in India,The government launched stricter industrial emission controls to combat air pollution.,Positive
Delhi launches anti-smog guns,Reduced traffic and monsoon rains led to improved AQI readings this week.,Positive
Public transport shift lowers Karachi emissions,Authorities deployed water cannons in polluted areas to reduce particulate matter.,Positive
Colombo shows cleaner skies,New electric buses introduced to tackle urban air pollution.,Positive
Toxic haze blankets Delhi,Authorities issued a red alert as AQI remained in the hazardous zone.,Negative
Pakistan approves electric bus service,New electric buses introduced to tackle urban air pollution.,Positive
Smog alert issued in Islamabad,Thick smog disrupted transport and caused health issues across the region.,Negative
Islamabad launches tree plantation drive,The capital experienced improved air due to reduced traffic and favorable weather.,Positive
Lahore struggles with choking air,Thick smog disrupted transport and caused health issues across the region.,Negative
Children suffer as air quality worsens in Dhaka,Citizens report breathing problems as the city records extremely poor air quality.,Negative
Electric rickshaws reduce pollution in Dhaka,A nationwide afforestation campaign was initiated to fight air pollution.,Positive
Children suffer as air quality worsens in Dhaka,Authorities issued a red alert as AQI remained in the hazardous zone.,Negative
Malé air quality improves,The capital experienced improved air due to reduced traffic and favorable weather.,Positive
Delhi launches anti-smog guns,New electric buses introduced to tackle urban air pollution.,Positive
Delhi experiences severe smog,"Air quality deteriorated with rising PM2.5 levels, raising health concerns.",Negative
Bangladesh faces worsening smog,Hospitals reported increased cases of asthma and respiratory illness.,Negative
Dhaka air remains hazardous,"Air quality deteriorated with rising PM2.5 levels, raising health concerns.",Negative
Industrial smoke worsens air in Kolkata,Authorities issued a red alert as AQI remained in the hazardous zone.,Negative
Colombo shows cleaner skies,New electric buses introduced to tackle urban air pollution.,Positive
Karachi records dangerous smog levels,"Air quality deteriorated with rising PM2.5 levels, raising health concerns.",Negative
Wind farms boost clean air in Gujarat,The government launched stricter industrial emission controls to combat air pollution.,Positive
Bangladesh faces worsening smog,Citizens report breathing problems as the city records extremely poor air quality.,Negative
Eco-friendly fuel adopted in Sri Lanka,Reduced traffic and monsoon rains led to improved AQI readings this week.,Positive
Malé air quality improves,New electric buses introduced to tackle urban air pollution.,Positive
Lahore struggles with choking air,Hospitals reported increased cases of asthma and respiratory illness.,Negative
Bangladesh faces worsening smog,Authorities issued a red alert as AQI remained in the hazardous zone.,Negative
Sri Lanka invests in green transport,The government invested in solar and wind energy to reduce air pollution.,Positive
Karachi hit by heavy smog,"Hazardous smog blanketed the city with AQI levels crossing 450, forcing schools to close.",Negative
Electric rickshaws reduce pollution in Dhaka,The capital experienced improved air due to reduced traffic and favorable weather.,Positive
Kathmandu introduces emission testing,The government launched stricter industrial emission controls to combat air pollution.,Positive
Colombo shows cleaner skies,New electric buses introduced to tackle urban air pollution.,Positive
Delhi’s AQI touches hazardous levels again,Citizens report breathing problems as the city records extremely poor air quality.,Negative
Delhi’s AQI touches hazardous levels again,Experts warn of long-term health effects due to toxic haze.,Negative
Malé air quality improves,Authorities deployed water cannons in polluted areas to reduce particulate matter.,Positive
Dhaka air remains hazardous,"Hazardous smog blanketed the city with AQI levels crossing 450, forcing schools to close.",Negative
Dhaka air remains hazardous,Citizens report breathing problems as the city records extremely poor air quality.,Negative
Pakistan approves electric bus service,The government invested in solar and wind energy to reduce air pollution.,Positive
Delhi experiences severe smog,Authorities issued a red alert as AQI remained in the hazardous zone.,Negative
Children suffer as air quality worsens in Dhaka,Hospitals reported increased cases of asthma and respiratory illness.,Negative
Eco-friendly fuel adopted in Sri Lanka,New electric buses introduced to tackle urban air pollution.,Positive
Karachi records dangerous smog levels,Experts warn of long-term health effects due to toxic haze.,Negative
Eco-friendly fuel adopted in Sri Lanka,A nationwide afforestation campaign was initiated to fight air pollution.,Positive
Public transport shift lowers Karachi emissions,A nationwide afforestation campaign was initiated to fight air pollution.,Positive
Kathmandu faces toxic air,"Hazardous smog blanketed the city with AQI levels crossing 450, forcing schools to close.",Negative
India expands green energy projects,The government invested in solar and wind energy to reduce air pollution.,Positive
Chennai air quality improves after rains,Authorities deployed water cannons in polluted areas to reduce particulate matter.,Positive
Karachi records dangerous smog levels,Hospitals reported increased cases of asthma and respiratory illness.,Negative
Smog alert issued in Islamabad,Experts warn of long-term health effects due to toxic haze.,Negative
Bangladesh faces worsening smog,Experts warn of long-term health effects due to toxic haze.,Negative
Malé air quality improves,A nationwide afforestation campaign was initiated to fight air pollution.,Positive
Karachi records dangerous smog levels,Hospitals reported increased cases of asthma and respiratory illness.,Negative
Delhi experiences severe smog,"Hazardous smog blanketed the city with AQI levels crossing 450, forcing schools to close.",Negative
Smog alert issued in Islamabad,Citizens report breathing problems as the city records extremely poor air quality.,Negative
Bangladesh introduces clean air initiative,The government invested in solar and wind energy to reduce air pollution.,Positive
Chennai air quality improves after rains,A nationwide afforestation campaign was initiated to fight air pollution.,Positive
Eco-friendly fuel adopted in Sri Lanka,Authorities deployed water cannons in polluted areas to reduce particulate matter.,Positive
Malé air quality improves,The government invested in solar and wind energy to reduce air pollution.,Positive
Delhi launches anti-smog guns,Reduced traffic and monsoon rains led to improved AQI readings this week.,Positive
Delhi experiences severe smog,Hospitals reported increased cases of asthma and respiratory illness.,Negative
Dhaka air remains hazardous,Thick smog disrupted transport and caused health issues across the region.,Negative
Dhaka hospitals overwhelmed by pollution cases,Citizens report breathing problems as the city records extremely poor air quality.,Negative
Delhi experiences severe smog,Experts warn of long-term health effects due to toxic haze.,Negative
Smog alert issued in Islamabad,"Air quality deteriorated with rising PM2.5 levels, raising health concerns.",Negative
Eco-friendly fuel adopted in Sri Lanka,Reduced traffic and monsoon rains led to improved AQI readings this week.,Positive
Delhi experiences severe smog,Hospitals reported increased cases of asthma and respiratory illness.,Negative
Kathmandu faces toxic air,Citizens report breathing problems as the city records extremely poor air quality.,Negative
Karachi records dangerous smog levels,Authorities issued a red alert as AQI remained in the hazardous zone.,Negative
Dhaka hospitals overwhelmed by pollution cases,Citizens report breathing problems as the city records extremely poor air quality.,Negative
Eco-friendly fuel adopted in Sri Lanka,Authorities deployed water cannons in polluted areas to reduce particulate matter.,Positive
Islamabad launches tree plantation drive,New electric buses introduced to tackle urban air pollution.,Positive